time,price,qty
2025-06-17 16:35:26.209000+02:00,1.15210000,319.40000000
2025-06-17 16:35:26.209000+02:00,1.15210000,319.40000000
2025-06-17 16:35:26.210000+02:00,1.15210000,319.40000000
2025-06-17 16:35:26.210000+02:00,1.15210000,319.40000000
2025-06-17 16:35:26.210000+02:00,1.15210000,319.40000000
2025-06-17 16:35:26.210000+02:00,1.15210000,319.40000000
2025-06-17 16:35:26.210000+02:00,1.15210000,319.40000000
2025-06-17 16:35:26.211000+02:00,1.15210000,319.40000000
2025-06-17 16:35:26.211000+02:00,1.15210000,239.40000000
2025-06-17 16:35:26.219000+02:00,1.15210000,511.90000000
2025-06-17 16:35:26.219000+02:00,1.15210000,511.90000000
2025-06-17 16:35:26.219000+02:00,1.15210000,511.90000000
2025-06-17 16:35:26.219000+02:00,1.15210000,511.80000000
2025-06-17 16:35:26.219000+02:00,1.15210000,511.90000000
2025-06-17 16:35:26.221000+02:00,1.15210000,40.50000000
2025-06-17 16:35:27.181000+02:00,1.15210000,10613.20000000
2025-06-17 16:35:27.181000+02:00,1.15210000,3679.00000000
2025-06-17 16:35:27.181000+02:00,1.15220000,367.30000000
2025-06-17 16:35:27.181000+02:00,1.15220000,5942.50000000
2025-06-17 16:35:30.479000+02:00,1.15220000,1460.80000000
2025-06-17 16:35:31.766000+02:00,1.15210000,925.60000000
2025-06-17 16:35:31.766000+02:00,1.15210000,2727.40000000
2025-06-17 16:35:31.789000+02:00,1.15220000,3209.90000000
2025-06-17 16:35:31.789000+02:00,1.15220000,442.50000000
2025-06-17 16:35:31.811000+02:00,1.15220000,228.10000000
2025-06-17 16:35:31.823000+02:00,1.15220000,443.50000000
2025-06-17 16:35:31.828000+02:00,1.15220000,215.30000000
2025-06-17 16:35:31.843000+02:00,1.15210000,2465.60000000
2025-06-17 16:35:31.848000+02:00,1.15210000,1187.10000000
2025-06-17 16:35:31.875000+02:00,1.15220000,9.10000000
2025-06-17 16:35:31.876000+02:00,1.15220000,1284.60000000
2025-06-17 16:35:31.877000+02:00,1.15220000,2358.30000000
2025-06-17 16:35:31.910000+02:00,1.15220000,69.20000000
2025-06-17 16:35:31.974000+02:00,1.15210000,443.60000000
2025-06-17 16:35:32.055000+02:00,1.15220000,21.90000000
2025-06-17 16:35:32.379000+02:00,1.15220000,978.10000000
2025-06-17 16:35:32.379000+02:00,1.15220000,975.30000000
2025-06-17 16:35:32.479000+02:00,1.15210000,3651.40000000
2025-06-17 16:35:36.580000+02:00,1.15210000,78.00000000
2025-06-17 16:35:41.793000+02:00,1.15220000,13.00000000
2025-06-17 16:35:42.625000+02:00,1.15220000,596.70000000
2025-06-17 16:35:47.138000+02:00,1.15210000,60.10000000
2025-06-17 16:35:47.138000+02:00,1.15210000,383.30000000
2025-06-17 16:35:48.430000+02:00,1.15220000,248.30000000
2025-06-17 16:35:48.430000+02:00,1.15220000,84.20000000
2025-06-17 16:35:48.430000+02:00,1.15220000,164.10000000
2025-06-17 16:35:48.430000+02:00,1.15220000,248.30000000
2025-06-17 16:35:48.430000+02:00,1.15220000,80.50000000
2025-06-17 16:35:53.977000+02:00,1.15220000,40.00000000
2025-06-17 16:35:56.492000+02:00,1.15230000,24.60000000
2025-06-17 16:35:56.910000+02:00,1.15230000,17.30000000
2025-06-17 16:35:58.446000+02:00,1.15220000,3649.20000000
2025-06-17 16:36:00.559000+02:00,1.15220000,15.00000000
2025-06-17 16:36:01.555000+02:00,1.15220000,177.20000000
2025-06-17 16:36:02.956000+02:00,1.15210000,50.00000000
2025-06-17 16:36:03.091000+02:00,1.15220000,69.00000000
2025-06-17 16:36:08.561000+02:00,1.15220000,93.60000000
2025-06-17 16:36:12.155000+02:00,1.15220000,32.10000000
2025-06-17 16:36:12.658000+02:00,1.15210000,112.20000000
2025-06-17 16:36:19.591000+02:00,1.15210000,78.80000000
2025-06-17 16:36:28.039000+02:00,1.15220000,20.00000000
2025-06-17 16:36:29.396000+02:00,1.15220000,533.70000000
2025-06-17 16:36:29.396000+02:00,1.15220000,3783.90000000
2025-06-17 16:36:29.396000+02:00,1.15220000,1959.00000000
2025-06-17 16:36:29.396000+02:00,1.15220000,3026.70000000
2025-06-17 16:36:29.396000+02:00,1.15220000,196.70000000
2025-06-17 16:36:29.397000+02:00,1.15220000,663.30000000
2025-06-17 16:36:29.397000+02:00,1.15220000,662.90000000
2025-06-17 16:36:29.397000+02:00,1.15220000,467.10000000
2025-06-17 16:36:30.144000+02:00,1.15230000,33.80000000
2025-06-17 16:36:30.273000+02:00,1.15230000,10.50000000
2025-06-17 16:36:31.090000+02:00,1.15230000,16.90000000
2025-06-17 16:36:40.292000+02:00,1.15230000,20.40000000
2025-06-17 16:36:41.610000+02:00,1.15220000,196.20000000
2025-06-17 16:36:41.610000+02:00,1.15220000,663.30000000
2025-06-17 16:36:41.610000+02:00,1.15220000,663.30000000
2025-06-17 16:36:41.610000+02:00,1.15220000,925.60000000
2025-06-17 16:36:41.610000+02:00,1.15220000,4051.60000000
2025-06-17 16:36:41.610000+02:00,1.15220000,2000.00000000
2025-06-17 16:36:41.612000+02:00,1.15220000,7.50000000
2025-06-17 16:36:47.479000+02:00,1.15210000,105.80000000
2025-06-17 16:36:48.456000+02:00,1.15210000,238.80000000
2025-06-17 16:36:48.501000+02:00,1.15210000,100.00000000
2025-06-17 16:36:49.316000+02:00,1.15220000,499.10000000
2025-06-17 16:36:50.564000+02:00,1.15210000,1000.00000000
2025-06-17 16:36:51.030000+02:00,1.15210000,850.90000000
2025-06-17 16:36:52.550000+02:00,1.15200000,34.30000000
2025-06-17 16:36:53.421000+02:00,1.15210000,233.40000000
2025-06-17 16:36:55.811000+02:00,1.15200000,10578.90000000
2025-06-17 16:36:55.811000+02:00,1.15200000,500.00000000
2025-06-17 16:36:55.811000+02:00,1.15200000,5997.30000000
2025-06-17 16:36:55.827000+02:00,1.15190000,7.40000000
2025-06-17 16:36:55.828000+02:00,1.15190000,76.30000000
2025-06-17 16:36:55.828000+02:00,1.15190000,319.40000000
2025-06-17 16:36:55.828000+02:00,1.15190000,15.90000000
2025-06-17 16:36:55.828000+02:00,1.15190000,303.50000000
2025-06-17 16:36:55.828000+02:00,1.15190000,319.40000000
2025-06-17 16:36:55.828000+02:00,1.15190000,319.40000000
2025-06-17 16:36:55.828000+02:00,1.15190000,319.40000000
2025-06-17 16:36:55.828000+02:00,1.15190000,76.30000000
2025-06-17 16:36:55.829000+02:00,1.15190000,76.30000000
2025-06-17 16:36:55.829000+02:00,1.15190000,76.30000000
2025-06-17 16:36:55.829000+02:00,1.15190000,76.30000000
2025-06-17 16:36:55.829000+02:00,1.15190000,319.40000000
2025-06-17 16:36:55.829000+02:00,1.15190000,76.30000000
2025-06-17 16:36:55.829000+02:00,1.15190000,76.30000000
2025-06-17 16:36:55.829000+02:00,1.15190000,76.30000000
2025-06-17 16:36:55.829000+02:00,1.15190000,76.30000000
2025-06-17 16:36:55.829000+02:00,1.15190000,319.40000000
2025-06-17 16:36:55.829000+02:00,1.15190000,76.30000000
2025-06-17 16:36:55.829000+02:00,1.15190000,76.30000000
2025-06-17 16:36:55.830000+02:00,1.15190000,455.30000000
2025-06-17 16:36:55.830000+02:00,1.15190000,455.50000000
2025-06-17 16:36:55.830000+02:00,1.15190000,455.50000000
2025-06-17 16:36:55.830000+02:00,1.15190000,455.50000000
2025-06-17 16:36:55.830000+02:00,1.15190000,455.50000000
2025-06-17 16:36:55.830000+02:00,1.15190000,319.40000000
2025-06-17 16:36:55.830000+02:00,1.15190000,319.40000000
2025-06-17 16:36:55.830000+02:00,1.15190000,319.40000000
2025-06-17 16:36:55.831000+02:00,1.15190000,319.40000000
2025-06-17 16:36:55.831000+02:00,1.15190000,319.40000000
2025-06-17 16:36:55.831000+02:00,1.15190000,319.40000000
2025-06-17 16:36:55.831000+02:00,1.15190000,319.40000000
2025-06-17 16:36:55.831000+02:00,1.15190000,319.40000000
2025-06-17 16:36:55.831000+02:00,1.15190000,131.20000000
2025-06-17 16:36:55.831000+02:00,1.15190000,131.20000000
2025-06-17 16:36:55.831000+02:00,1.15190000,319.40000000
2025-06-17 16:36:55.832000+02:00,1.15190000,319.40000000
2025-06-17 16:36:55.832000+02:00,1.15190000,131.20000000
2025-06-17 16:36:55.832000+02:00,1.15190000,131.20000000
2025-06-17 16:36:55.832000+02:00,1.15190000,131.20000000
2025-06-17 16:36:55.832000+02:00,1.15190000,131.20000000
2025-06-17 16:36:55.832000+02:00,1.15190000,76.30000000
2025-06-17 16:36:55.832000+02:00,1.15190000,131.20000000
2025-06-17 16:36:55.832000+02:00,1.15190000,76.30000000
2025-06-17 16:36:55.832000+02:00,1.15190000,319.40000000
2025-06-17 16:36:55.832000+02:00,1.15190000,506.60000000
2025-06-17 16:36:55.832000+02:00,1.15190000,76.30000000
2025-06-17 16:36:55.832000+02:00,1.15190000,76.30000000
2025-06-17 16:36:55.833000+02:00,1.15190000,76.30000000
2025-06-17 16:36:55.833000+02:00,1.15190000,403.10000000
2025-06-17 16:36:59.216000+02:00,1.15190000,17.30000000
2025-06-17 16:37:05.704000+02:00,1.15190000,3864.00000000
2025-06-17 16:37:06.248000+02:00,1.15190000,168.80000000
2025-06-17 16:37:08.261000+02:00,1.15190000,1364.00000000
2025-06-17 16:37:08.588000+02:00,1.15190000,1508.80000000
2025-06-17 16:37:08.588000+02:00,1.15190000,491.20000000
2025-06-17 16:37:08.591000+02:00,1.15190000,909.70000000
2025-06-17 16:37:10.455000+02:00,1.15180000,500.00000000
2025-06-17 16:37:10.459000+02:00,1.15180000,500.00000000
2025-06-17 16:37:10.461000+02:00,1.15180000,85.90000000
2025-06-17 16:37:10.461000+02:00,1.15180000,85.90000000
2025-06-17 16:37:10.461000+02:00,1.15180000,75.80000000
2025-06-17 16:37:10.461000+02:00,1.15180000,10.10000000
2025-06-17 16:37:10.461000+02:00,1.15180000,85.90000000
2025-06-17 16:37:10.461000+02:00,1.15180000,85.90000000
2025-06-17 16:37:10.461000+02:00,1.15180000,76.40000000
2025-06-17 16:37:10.461000+02:00,1.15180000,76.40000000
2025-06-17 16:37:10.461000+02:00,1.15180000,76.40000000
2025-06-17 16:37:10.461000+02:00,1.15180000,76.40000000
2025-06-17 16:37:10.461000+02:00,1.15180000,59.00000000
2025-06-17 16:37:10.461000+02:00,1.15180000,76.40000000
2025-06-17 16:37:10.462000+02:00,1.15180000,124.60000000
2025-06-17 16:37:10.462000+02:00,1.15180000,194.80000000
2025-06-17 16:37:10.462000+02:00,1.15180000,319.40000000
2025-06-17 16:37:10.462000+02:00,1.15180000,76.40000000
2025-06-17 16:37:10.462000+02:00,1.15180000,157.00000000
2025-06-17 16:37:10.462000+02:00,1.15180000,162.40000000
2025-06-17 16:37:10.462000+02:00,1.15180000,76.40000000
2025-06-17 16:37:10.462000+02:00,1.15180000,76.40000000
2025-06-17 16:37:10.462000+02:00,1.15180000,319.40000000
2025-06-17 16:37:10.462000+02:00,1.15180000,76.40000000
2025-06-17 16:37:10.462000+02:00,1.15180000,36.60000000
2025-06-17 16:37:10.462000+02:00,1.15180000,282.80000000
2025-06-17 16:37:10.462000+02:00,1.15180000,76.40000000
2025-06-17 16:37:10.462000+02:00,1.15180000,76.40000000
2025-06-17 16:37:10.462000+02:00,1.15180000,76.40000000
2025-06-17 16:37:10.462000+02:00,1.15180000,76.40000000
2025-06-17 16:37:10.462000+02:00,1.15180000,159.20000000
2025-06-17 16:37:10.462000+02:00,1.15180000,160.20000000
2025-06-17 16:37:10.462000+02:00,1.15180000,76.40000000
2025-06-17 16:37:10.462000+02:00,1.15180000,76.40000000
2025-06-17 16:37:10.462000+02:00,1.15180000,76.40000000
2025-06-17 16:37:10.463000+02:00,1.15180000,76.40000000
2025-06-17 16:37:10.463000+02:00,1.15180000,319.40000000
2025-06-17 16:37:10.463000+02:00,1.15180000,319.40000000
2025-06-17 16:37:10.464000+02:00,1.15180000,2364.00000000
2025-06-17 16:37:10.464000+02:00,1.15180000,925.60000000
2025-06-17 16:37:10.464000+02:00,1.15180000,319.40000000
2025-06-17 16:37:10.464000+02:00,1.15180000,319.40000000
2025-06-17 16:37:10.464000+02:00,1.15180000,319.40000000
2025-06-17 16:37:10.464000+02:00,1.15180000,319.40000000
2025-06-17 16:37:10.464000+02:00,1.15180000,319.40000000
2025-06-17 16:37:10.464000+02:00,1.15180000,319.40000000
2025-06-17 16:37:10.464000+02:00,1.15180000,319.40000000
2025-06-17 16:37:10.464000+02:00,1.15180000,319.40000000
2025-06-17 16:37:10.464000+02:00,1.15180000,319.40000000
2025-06-17 16:37:10.464000+02:00,1.15180000,319.40000000
2025-06-17 16:37:10.464000+02:00,1.15180000,319.40000000
2025-06-17 16:37:10.464000+02:00,1.15180000,319.40000000
2025-06-17 16:37:10.465000+02:00,1.15180000,319.40000000
2025-06-17 16:37:10.465000+02:00,1.15180000,319.40000000
2025-06-17 16:37:10.465000+02:00,1.15180000,319.40000000
2025-06-17 16:37:10.465000+02:00,1.15180000,319.40000000
2025-06-17 16:37:10.465000+02:00,1.15180000,319.40000000
2025-06-17 16:37:10.465000+02:00,1.15180000,312.60000000
2025-06-17 16:37:10.465000+02:00,1.15180000,312.60000000
2025-06-17 16:37:10.466000+02:00,1.15180000,164.00000000
2025-06-17 16:37:10.466000+02:00,1.15180000,58.10000000
2025-06-17 16:37:10.466000+02:00,1.15180000,222.10000000
2025-06-17 16:37:10.466000+02:00,1.15180000,222.10000000
2025-06-17 16:37:10.467000+02:00,1.15180000,222.10000000
2025-06-17 16:37:10.467000+02:00,1.15180000,222.00000000
2025-06-17 16:37:10.467000+02:00,1.15180000,312.60000000
2025-06-17 16:37:12.511000+02:00,1.15170000,500.00000000
2025-06-17 16:37:12.517000+02:00,1.15160000,133.40000000
2025-06-17 16:37:12.517000+02:00,1.15160000,792.20000000
2025-06-17 16:37:13.129000+02:00,1.15170000,17.40000000
2025-06-17 16:37:18.209000+02:00,1.15170000,2388.40000000
2025-06-17 16:37:18.209000+02:00,1.15170000,83.70000000
2025-06-17 16:37:18.278000+02:00,1.15180000,226.80000000
2025-06-17 16:37:18.468000+02:00,1.15170000,441.00000000
2025-06-17 16:37:22.951000+02:00,1.15170000,167.40000000
2025-06-17 16:37:24.193000+02:00,1.15180000,14.60000000
2025-06-17 16:37:24.435000+02:00,1.15180000,26.20000000
2025-06-17 16:37:25.219000+02:00,1.15180000,16.20000000
2025-06-17 16:37:29.153000+02:00,1.15170000,2000.00000000
2025-06-17 16:37:29.848000+02:00,1.15170000,5.50000000
2025-06-17 16:37:29.921000+02:00,1.15170000,5.50000000
2025-06-17 16:37:30.391000+02:00,1.15170000,82.50000000
2025-06-17 16:37:30.449000+02:00,1.15170000,21.70000000
2025-06-17 16:37:33.674000+02:00,1.15170000,85.40000000
2025-06-17 16:37:33.742000+02:00,1.15160000,3649.30000000
2025-06-17 16:37:33.987000+02:00,1.15170000,364.50000000
2025-06-17 16:37:33.987000+02:00,1.15170000,347.10000000
2025-06-17 16:37:36.881000+02:00,1.15170000,218.00000000
2025-06-17 16:37:36.881000+02:00,1.15170000,565.10000000
2025-06-17 16:37:36.881000+02:00,1.15170000,258.60000000
2025-06-17 16:37:36.987000+02:00,1.15170000,10354.60000000
2025-06-17 16:37:36.987000+02:00,1.15170000,499.50000000
2025-06-17 16:37:36.987000+02:00,1.15170000,499.20000000
2025-06-17 16:37:36.987000+02:00,1.15170000,1990.00000000
2025-06-17 16:37:36.987000+02:00,1.15170000,864.00000000
2025-06-17 16:37:36.987000+02:00,1.15170000,999.80000000
2025-06-17 16:37:36.987000+02:00,1.15170000,1475.20000000
2025-06-17 16:37:39.276000+02:00,1.15180000,637.10000000
2025-06-17 16:37:39.479000+02:00,1.15180000,471.30000000
2025-06-17 16:37:45.544000+02:00,1.15180000,10.90000000
2025-06-17 16:37:45.658000+02:00,1.15180000,70.20000000
2025-06-17 16:37:50.582000+02:00,1.15180000,47.70000000
2025-06-17 16:37:51.581000+02:00,1.15180000,14.30000000
2025-06-17 16:37:56.130000+02:00,1.15180000,26.00000000
2025-06-17 16:37:58.208000+02:00,1.15180000,182.10000000
2025-06-17 16:37:58.943000+02:00,1.15180000,46.80000000
2025-06-17 16:38:01.850000+02:00,1.15180000,210.10000000
2025-06-17 16:38:03.858000+02:00,1.15170000,107.80000000
2025-06-17 16:38:05.610000+02:00,1.15170000,500.00000000
2025-06-17 16:38:05.665000+02:00,1.15170000,744.50000000
2025-06-17 16:38:05.665000+02:00,1.15170000,514.40000000
2025-06-17 16:38:05.665000+02:00,1.15170000,5.40000000
2025-06-17 16:38:07.848000+02:00,1.15170000,224.70000000
2025-06-17 16:38:07.848000+02:00,1.15170000,274.20000000
2025-06-17 16:38:10.393000+02:00,1.15170000,470.30000000
2025-06-17 16:38:10.393000+02:00,1.15170000,34.30000000
2025-06-17 16:38:10.411000+02:00,1.15170000,418.80000000
2025-06-17 16:38:10.840000+02:00,1.15170000,291.40000000
2025-06-17 16:38:10.840000+02:00,1.15170000,136.00000000
2025-06-17 16:38:11.565000+02:00,1.15160000,443.50000000
2025-06-17 16:38:11.582000+02:00,1.15170000,443.40000000
2025-06-17 16:38:11.675000+02:00,1.15160000,443.40000000
2025-06-17 16:38:11.814000+02:00,1.15170000,869.40000000
2025-06-17 16:38:11.891000+02:00,1.15170000,383.20000000
2025-06-17 16:38:11.947000+02:00,1.15170000,272.70000000
2025-06-17 16:38:15.956000+02:00,1.15160000,868.00000000
2025-06-17 16:38:17.496000+02:00,1.15160000,38.20000000
2025-06-17 16:38:25.248000+02:00,1.15150000,5.20000000
2025-06-17 16:38:25.248000+02:00,1.15150000,4.70000000
2025-06-17 16:38:31.218000+02:00,1.15160000,9.00000000
2025-06-17 16:38:39.764000+02:00,1.15150000,3.90000000
2025-06-17 16:38:39.764000+02:00,1.15150000,439.60000000
2025-06-17 16:38:47.191000+02:00,1.15160000,8.60000000
2025-06-17 16:38:48.179000+02:00,1.15160000,610.30000000
2025-06-17 16:38:51.235000+02:00,1.15160000,65.30000000
2025-06-17 16:38:51.501000+02:00,1.15150000,12.00000000
2025-06-17 16:38:51.502000+02:00,1.15150000,76.40000000
2025-06-17 16:38:51.502000+02:00,1.15150000,59.80000000
2025-06-17 16:38:51.502000+02:00,1.15150000,16.60000000
2025-06-17 16:38:51.502000+02:00,1.15150000,76.40000000
2025-06-17 16:38:51.503000+02:00,1.15150000,55.30000000
2025-06-17 16:38:51.503000+02:00,1.15150000,21.10000000
2025-06-17 16:38:51.503000+02:00,1.15150000,76.40000000
2025-06-17 16:38:51.503000+02:00,1.15150000,50.80000000
2025-06-17 16:38:51.503000+02:00,1.15150000,148.30000000
2025-06-17 16:38:51.503000+02:00,1.15150000,120.40000000
2025-06-17 16:38:51.504000+02:00,1.15150000,85.90000000
2025-06-17 16:38:51.504000+02:00,1.15150000,335.30000000
2025-06-17 16:38:51.504000+02:00,1.15150000,335.30000000
2025-06-17 16:38:51.504000+02:00,1.15150000,85.90000000
2025-06-17 16:38:51.504000+02:00,1.15150000,335.30000000
2025-06-17 16:38:51.504000+02:00,1.15150000,335.30000000
2025-06-17 16:38:51.504000+02:00,1.15150000,335.30000000
2025-06-17 16:38:51.505000+02:00,1.15150000,319.50000000
2025-06-17 16:38:51.505000+02:00,1.15150000,319.50000000
2025-06-17 16:38:51.505000+02:00,1.15150000,319.50000000
2025-06-17 16:38:51.505000+02:00,1.15150000,319.50000000
2025-06-17 16:38:51.506000+02:00,1.15150000,319.50000000
2025-06-17 16:38:51.506000+02:00,1.15150000,319.50000000
2025-06-17 16:38:51.506000+02:00,1.15150000,76.40000000
2025-06-17 16:38:51.506000+02:00,1.15150000,319.50000000
2025-06-17 16:38:51.506000+02:00,1.15150000,76.40000000
2025-06-17 16:38:51.506000+02:00,1.15150000,76.40000000
2025-06-17 16:38:51.506000+02:00,1.15150000,76.40000000
2025-06-17 16:38:51.506000+02:00,1.15150000,76.40000000
2025-06-17 16:38:51.506000+02:00,1.15150000,76.40000000
2025-06-17 16:38:51.506000+02:00,1.15150000,76.40000000
2025-06-17 16:38:51.506000+02:00,1.15150000,76.40000000
2025-06-17 16:38:51.507000+02:00,1.15150000,925.60000000
2025-06-17 16:38:51.507000+02:00,1.15150000,76.40000000
2025-06-17 16:38:51.507000+02:00,1.15150000,76.40000000
2025-06-17 16:38:51.507000+02:00,1.15150000,319.50000000
2025-06-17 16:38:51.508000+02:00,1.15150000,76.40000000
2025-06-17 16:38:51.508000+02:00,1.15150000,2854.50000000
2025-06-17 16:38:51.508000+02:00,1.15150000,124.70000000
2025-06-17 16:38:51.508000+02:00,1.15150000,317.30000000
2025-06-17 16:38:51.508000+02:00,1.15150000,124.70000000
2025-06-17 16:38:51.508000+02:00,1.15150000,317.30000000
2025-06-17 16:38:51.508000+02:00,1.15150000,124.70000000
2025-06-17 16:38:51.508000+02:00,1.15150000,124.70000000
2025-06-17 16:38:51.508000+02:00,1.15150000,124.60000000
2025-06-17 16:38:51.509000+02:00,1.15150000,317.30000000
2025-06-17 16:38:52.138000+02:00,1.15150000,13.10000000
2025-06-17 16:38:52.138000+02:00,1.15150000,1830.60000000
2025-06-17 16:38:53.738000+02:00,1.15150000,91.10000000
2025-06-17 16:38:58.625000+02:00,1.15140000,340.90000000
2025-06-17 16:38:59.534000+02:00,1.15140000,584.70000000
2025-06-17 16:38:59.534000+02:00,1.15140000,1986.60000000
2025-06-17 16:38:59.874000+02:00,1.15140000,2831.60000000
2025-06-17 16:39:01.959000+02:00,1.15140000,5.50000000
2025-06-17 16:39:03.224000+02:00,1.15130000,320.00000000
2025-06-17 16:39:05.060000+02:00,1.15130000,3381.00000000
2025-06-17 16:39:05.060000+02:00,1.15130000,4646.90000000
2025-06-17 16:39:05.060000+02:00,1.15130000,702.30000000
2025-06-17 16:39:05.071000+02:00,1.15140000,45.10000000
2025-06-17 16:39:10.348000+02:00,1.15140000,50.00000000
2025-06-17 16:39:11.357000+02:00,1.15150000,14.60000000
2025-06-17 16:39:13.212000+02:00,1.15140000,48.00000000
2025-06-17 16:39:22.693000+02:00,1.15150000,500.00000000
2025-06-17 16:39:22.693000+02:00,1.15150000,54.90000000
2025-06-17 16:39:22.693000+02:00,1.15150000,499.20000000
2025-06-17 16:39:22.697000+02:00,1.15150000,59.00000000
2025-06-17 16:39:22.697000+02:00,1.15150000,41.60000000
2025-06-17 16:39:22.697000+02:00,1.15150000,41.60000000
2025-06-17 16:39:22.697000+02:00,1.15150000,41.60000000
2025-06-17 16:39:22.697000+02:00,1.15150000,41.60000000
2025-06-17 16:39:22.697000+02:00,1.15150000,10387.80000000
2025-06-17 16:39:22.697000+02:00,1.15140000,501.00000000
2025-06-17 16:39:22.697000+02:00,1.15140000,41.60000000
2025-06-17 16:39:22.697000+02:00,1.15140000,41.60000000
2025-06-17 16:39:22.697000+02:00,1.15140000,41.60000000
2025-06-17 16:39:22.697000+02:00,1.15140000,41.60000000
2025-06-17 16:39:22.698000+02:00,1.15140000,41.60000000
2025-06-17 16:39:22.698000+02:00,1.15140000,41.60000000
2025-06-17 16:39:22.698000+02:00,1.15140000,41.60000000
2025-06-17 16:39:22.698000+02:00,1.15140000,59.00000000
2025-06-17 16:39:22.698000+02:00,1.15140000,41.60000000
2025-06-17 16:39:22.698000+02:00,1.15140000,41.60000000
2025-06-17 16:39:22.698000+02:00,1.15140000,59.00000000
2025-06-17 16:39:22.698000+02:00,1.15140000,41.60000000
2025-06-17 16:39:22.698000+02:00,1.15140000,41.60000000
2025-06-17 16:39:22.698000+02:00,1.15140000,41.60000000
2025-06-17 16:39:22.698000+02:00,1.15140000,41.60000000
2025-06-17 16:39:22.698000+02:00,1.15140000,41.60000000
2025-06-17 16:39:22.698000+02:00,1.15140000,41.60000000
2025-06-17 16:39:22.698000+02:00,1.15140000,41.60000000
2025-06-17 16:39:22.698000+02:00,1.15140000,41.60000000
2025-06-17 16:39:22.698000+02:00,1.15140000,41.60000000
2025-06-17 16:39:22.698000+02:00,1.15140000,59.00000000
2025-06-17 16:39:22.698000+02:00,1.15140000,41.60000000
2025-06-17 16:39:22.698000+02:00,1.15140000,41.60000000
2025-06-17 16:39:22.698000+02:00,1.15140000,41.60000000
2025-06-17 16:39:22.698000+02:00,1.15140000,41.60000000
2025-06-17 16:39:22.699000+02:00,1.15140000,41.60000000
2025-06-17 16:39:22.936000+02:00,1.15150000,4762.00000000
2025-06-17 16:39:22.939000+02:00,1.15150000,157.60000000
2025-06-17 16:39:22.939000+02:00,1.15150000,157.60000000
2025-06-17 16:39:22.939000+02:00,1.15150000,157.60000000
2025-06-17 16:39:22.939000+02:00,1.15150000,27.20000000
2025-06-17 16:39:22.943000+02:00,1.15150000,140.90000000
2025-06-17 16:39:22.943000+02:00,1.15150000,141.20000000
2025-06-17 16:39:22.944000+02:00,1.15150000,141.20000000
2025-06-17 16:39:22.944000+02:00,1.15150000,141.20000000
2025-06-17 16:39:22.944000+02:00,1.15150000,141.20000000
2025-06-17 16:39:22.946000+02:00,1.15150000,750.80000000
2025-06-17 16:39:26.058000+02:00,1.15160000,1990.00000000
2025-06-17 16:39:26.058000+02:00,1.15160000,1066.20000000
2025-06-17 16:39:26.058000+02:00,1.15160000,1024.20000000
2025-06-17 16:39:26.342000+02:00,1.15160000,2040.40000000
2025-06-17 16:39:26.780000+02:00,1.15150000,183.30000000
2025-06-17 16:39:29.963000+02:00,1.15160000,26.00000000
2025-06-17 16:39:29.990000+02:00,1.15160000,64.10000000
2025-06-17 16:39:29.990000+02:00,1.15160000,1798.60000000
2025-06-17 16:39:31.913000+02:00,1.15160000,269.30000000
2025-06-17 16:39:32.557000+02:00,1.15150000,10.00000000
2025-06-17 16:39:38.829000+02:00,1.15150000,61.40000000
2025-06-17 16:39:41.630000+02:00,1.15160000,31.20000000
2025-06-17 16:39:42.791000+02:00,1.15150000,55.00000000
2025-06-17 16:39:46.631000+02:00,1.15160000,500.00000000
2025-06-17 16:39:46.631000+02:00,1.15160000,499.40000000
2025-06-17 16:39:46.631000+02:00,1.15160000,298.30000000
2025-06-17 16:39:46.631000+02:00,1.15160000,200.80000000
2025-06-17 16:39:46.631000+02:00,1.15160000,676.10000000
2025-06-17 16:39:46.631000+02:00,1.15160000,982.80000000
2025-06-17 16:39:46.631000+02:00,1.15160000,640.30000000
2025-06-17 16:39:46.632000+02:00,1.15160000,717.80000000
2025-06-17 16:39:46.632000+02:00,1.15160000,130.40000000
2025-06-17 16:39:46.634000+02:00,1.15150000,59.00000000
2025-06-17 16:39:46.909000+02:00,1.15170000,602.80000000
2025-06-17 16:39:46.909000+02:00,1.15170000,322.80000000
2025-06-17 16:39:46.910000+02:00,1.15170000,881.30000000
2025-06-17 16:39:46.910000+02:00,1.15170000,102.60000000
2025-06-17 16:39:46.913000+02:00,1.15170000,59.00000000
2025-06-17 16:39:46.915000+02:00,1.15170000,59.00000000
2025-06-17 16:39:46.916000+02:00,1.15170000,41.60000000
2025-06-17 16:39:46.916000+02:00,1.15170000,41.60000000
2025-06-17 16:39:46.916000+02:00,1.15170000,41.60000000
2025-06-17 16:39:46.916000+02:00,1.15170000,41.60000000
2025-06-17 16:39:46.916000+02:00,1.15170000,41.60000000
2025-06-17 16:39:46.916000+02:00,1.15170000,41.60000000
2025-06-17 16:39:46.916000+02:00,1.15170000,41.60000000
2025-06-17 16:39:46.916000+02:00,1.15170000,41.60000000
2025-06-17 16:39:46.916000+02:00,1.15170000,41.60000000
2025-06-17 16:39:46.917000+02:00,1.15170000,41.60000000
2025-06-17 16:39:46.917000+02:00,1.15170000,41.60000000
2025-06-17 16:39:46.917000+02:00,1.15170000,41.60000000
2025-06-17 16:39:46.917000+02:00,1.15170000,41.60000000
2025-06-17 16:39:46.917000+02:00,1.15170000,41.60000000
2025-06-17 16:39:46.917000+02:00,1.15170000,41.60000000
2025-06-17 16:39:46.917000+02:00,1.15170000,36.70000000
2025-06-17 16:39:46.917000+02:00,1.15170000,4.90000000
2025-06-17 16:39:46.917000+02:00,1.15170000,41.60000000
2025-06-17 16:39:46.917000+02:00,1.15170000,41.60000000
2025-06-17 16:39:46.917000+02:00,1.15170000,41.60000000
2025-06-17 16:39:46.917000+02:00,1.15170000,41.60000000
2025-06-17 16:39:46.917000+02:00,1.15170000,41.60000000
2025-06-17 16:39:46.917000+02:00,1.15170000,41.60000000
2025-06-17 16:39:46.917000+02:00,1.15170000,59.00000000
2025-06-17 16:39:46.917000+02:00,1.15170000,41.60000000
2025-06-17 16:39:46.917000+02:00,1.15170000,41.60000000
2025-06-17 16:39:46.917000+02:00,1.15170000,41.60000000
2025-06-17 16:39:46.917000+02:00,1.15170000,24.30000000
2025-06-17 16:39:46.917000+02:00,1.15170000,41.60000000
2025-06-17 16:39:46.917000+02:00,1.15170000,59.00000000
2025-06-17 16:39:46.918000+02:00,1.15170000,41.60000000
2025-06-17 16:39:46.919000+02:00,1.15170000,41.60000000
2025-06-17 16:39:46.919000+02:00,1.15170000,41.60000000
2025-06-17 16:39:46.919000+02:00,1.15170000,41.60000000
2025-06-17 16:39:46.919000+02:00,1.15170000,41.60000000
2025-06-17 16:39:46.919000+02:00,1.15170000,41.60000000
2025-06-17 16:39:46.919000+02:00,1.15170000,68.50000000
2025-06-17 16:39:46.919000+02:00,1.15170000,857.10000000
2025-06-17 16:39:46.919000+02:00,1.15170000,24.20000000
2025-06-17 16:39:46.919000+02:00,1.15170000,17.40000000
2025-06-17 16:39:46.919000+02:00,1.15170000,41.60000000
2025-06-17 16:39:46.919000+02:00,1.15170000,41.60000000
2025-06-17 16:39:46.919000+02:00,1.15170000,41.60000000
2025-06-17 16:39:46.919000+02:00,1.15170000,41.60000000
2025-06-17 16:39:46.919000+02:00,1.15170000,41.60000000
2025-06-17 16:39:46.919000+02:00,1.15170000,41.60000000
2025-06-17 16:39:46.919000+02:00,1.15170000,41.60000000
2025-06-17 16:39:46.920000+02:00,1.15170000,41.60000000
2025-06-17 16:39:46.920000+02:00,1.15170000,41.60000000
2025-06-17 16:39:47.134000+02:00,1.15170000,443.50000000
2025-06-17 16:39:47.960000+02:00,1.15170000,887.10000000
2025-06-17 16:39:47.964000+02:00,1.15170000,887.20000000
2025-06-17 16:39:48.218000+02:00,1.15170000,438.30000000
2025-06-17 16:39:48.270000+02:00,1.15170000,233.60000000
2025-06-17 16:39:53.530000+02:00,1.15170000,26.40000000
2025-06-17 16:40:02.925000+02:00,1.15160000,41.60000000
2025-06-17 16:40:03.060000+02:00,1.15170000,16.30000000
2025-06-17 16:40:06.453000+02:00,1.15160000,69.40000000
2025-06-17 16:40:11.709000+02:00,1.15150000,147.00000000
2025-06-17 16:40:13.268000+02:00,1.15150000,9346.70000000
2025-06-17 16:40:13.268000+02:00,1.15150000,2653.30000000
2025-06-17 16:40:14.593000+02:00,1.15150000,97.80000000
2025-06-17 16:40:14.643000+02:00,1.15150000,318.30000000
2025-06-17 16:40:14.645000+02:00,1.15150000,318.30000000
2025-06-17 16:40:14.647000+02:00,1.15150000,318.30000000
2025-06-17 16:40:14.662000+02:00,1.15150000,443.60000000
2025-06-17 16:40:14.711000+02:00,1.15150000,887.50000000
2025-06-17 16:40:17.587000+02:00,1.15150000,3056.20000000
2025-06-17 16:40:17.587000+02:00,1.15150000,1228.10000000
2025-06-17 16:40:21.756000+02:00,1.15160000,10.00000000
2025-06-17 16:40:21.756000+02:00,1.15160000,9.80000000
2025-06-17 16:40:23.913000+02:00,1.15150000,53.90000000
2025-06-17 16:40:25.547000+02:00,1.15150000,3650.90000000
2025-06-17 16:40:31.339000+02:00,1.15150000,20.00000000
2025-06-17 16:40:31.700000+02:00,1.15150000,2497.00000000
2025-06-17 16:40:34.190000+02:00,1.15150000,14.70000000
2025-06-17 16:40:36.188000+02:00,1.15150000,245.00000000
2025-06-17 16:40:36.334000+02:00,1.15160000,501.30000000
2025-06-17 16:40:40.776000+02:00,1.15160000,59.30000000
2025-06-17 16:40:42.848000+02:00,1.15150000,2940.00000000
2025-06-17 16:40:42.849000+02:00,1.15150000,301.50000000
2025-06-17 16:40:42.849000+02:00,1.15150000,301.60000000
2025-06-17 16:40:42.849000+02:00,1.15150000,301.60000000
2025-06-17 16:40:42.849000+02:00,1.15150000,287.00000000
2025-06-17 16:40:44.193000+02:00,1.15150000,148.50000000
2025-06-17 16:40:46.721000+02:00,1.15150000,925.60000000
2025-06-17 16:40:46.722000+02:00,1.15150000,280.60000000
2025-06-17 16:40:46.723000+02:00,1.15150000,280.60000000
2025-06-17 16:40:46.723000+02:00,1.15150000,280.60000000
2025-06-17 16:40:46.723000+02:00,1.15150000,280.60000000
2025-06-17 16:40:46.723000+02:00,1.15150000,280.60000000
2025-06-17 16:40:46.724000+02:00,1.15150000,328.60000000
2025-06-17 16:40:46.724000+02:00,1.15150000,328.80000000
2025-06-17 16:40:46.724000+02:00,1.15150000,328.80000000
2025-06-17 16:40:46.724000+02:00,1.15150000,328.80000000
2025-06-17 16:40:46.724000+02:00,1.15150000,328.80000000
2025-06-17 16:40:46.725000+02:00,1.15150000,613.90000000
2025-06-17 16:40:46.725000+02:00,1.15150000,614.10000000
2025-06-17 16:40:46.725000+02:00,1.15150000,614.10000000
2025-06-17 16:40:46.725000+02:00,1.15150000,214.20000000
2025-06-17 16:41:01.158000+02:00,1.15150000,14.70000000
2025-06-17 16:41:10.559000+02:00,1.15160000,42.20000000
2025-06-17 16:41:11.493000+02:00,1.15160000,86.80000000
2025-06-17 16:41:13.236000+02:00,1.15150000,385.20000000
2025-06-17 16:41:13.236000+02:00,1.15150000,614.10000000
2025-06-17 16:41:13.236000+02:00,1.15150000,2647.30000000
2025-06-17 16:41:13.488000+02:00,1.15150000,3646.60000000
2025-06-17 16:41:13.512000+02:00,1.15160000,442.80000000
2025-06-17 16:41:13.562000+02:00,1.15150000,3646.10000000
2025-06-17 16:41:13.712000+02:00,1.15150000,159.50000000
2025-06-17 16:41:13.712000+02:00,1.15150000,159.50000000
2025-06-17 16:41:13.714000+02:00,1.15150000,159.50000000
2025-06-17 16:41:13.717000+02:00,1.15150000,159.50000000
2025-06-17 16:41:13.719000+02:00,1.15160000,1746.20000000
2025-06-17 16:41:13.719000+02:00,1.15150000,35.20000000
2025-06-17 16:41:13.719000+02:00,1.15150000,30.40000000
2025-06-17 16:41:13.719000+02:00,1.15150000,93.90000000
2025-06-17 16:41:13.721000+02:00,1.15160000,325.20000000
2025-06-17 16:41:15.633000+02:00,1.15160000,26.30000000
2025-06-17 16:41:15.777000+02:00,1.15150000,3643.10000000
2025-06-17 16:41:16.131000+02:00,1.15150000,277.80000000
2025-06-17 16:41:16.396000+02:00,1.15160000,26.30000000
2025-06-17 16:41:16.591000+02:00,1.15160000,173.60000000
2025-06-17 16:41:17.397000+02:00,1.15160000,26.30000000
2025-06-17 16:41:17.681000+02:00,1.15150000,3645.50000000
2025-06-17 16:41:18.399000+02:00,1.15160000,26.30000000
2025-06-17 16:41:19.092000+02:00,1.15160000,76.10000000
2025-06-17 16:41:19.095000+02:00,1.15160000,210.10000000
2025-06-17 16:41:19.401000+02:00,1.15160000,26.30000000
2025-06-17 16:41:21.082000+02:00,1.15150000,245.00000000
2025-06-17 16:41:25.793000+02:00,1.15160000,76.10000000
2025-06-17 16:41:25.795000+02:00,1.15160000,86.40000000
2025-06-17 16:41:25.795000+02:00,1.15160000,85.60000000
2025-06-17 16:41:25.821000+02:00,1.15160000,21.40000000
2025-06-17 16:41:31.965000+02:00,1.15160000,22.60000000
2025-06-17 16:41:31.965000+02:00,1.15160000,179.50000000
2025-06-17 16:41:34.992000+02:00,1.15150000,50.00000000
2025-06-17 16:41:41.958000+02:00,1.15150000,445.40000000
2025-06-17 16:41:44.129000+02:00,1.15140000,104.90000000
2025-06-17 16:41:44.955000+02:00,1.15140000,80.00000000
2025-06-17 16:41:55.255000+02:00,1.15140000,365.40000000
2025-06-17 16:41:55.282000+02:00,1.15130000,270.70000000
2025-06-17 16:41:55.282000+02:00,1.15130000,172.70000000
2025-06-17 16:41:55.653000+02:00,1.15140000,337.00000000
2025-06-17 16:41:59.605000+02:00,1.15140000,226.50000000
2025-06-17 16:42:02.372000+02:00,1.15140000,5.80000000
2025-06-17 16:42:02.891000+02:00,1.15140000,7.30000000
2025-06-17 16:42:05.829000+02:00,1.15140000,21.80000000
2025-06-17 16:42:05.875000+02:00,1.15140000,408.60000000
2025-06-17 16:42:08.151000+02:00,1.15140000,17.90000000
2025-06-17 16:42:10.074000+02:00,1.15130000,98.20000000
2025-06-17 16:42:10.074000+02:00,1.15130000,270.90000000
2025-06-17 16:42:10.074000+02:00,1.15130000,130.90000000
2025-06-17 16:42:19.051000+02:00,1.15130000,140.00000000
2025-06-17 16:42:19.051000+02:00,1.15130000,94.40000000
2025-06-17 16:42:21.957000+02:00,1.15140000,61.10000000
2025-06-17 16:42:24.881000+02:00,1.15140000,2180.10000000
2025-06-17 16:42:31.546000+02:00,1.15140000,7.50000000
2025-06-17 16:42:31.646000+02:00,1.15130000,5.30000000
2025-06-17 16:42:32.882000+02:00,1.15130000,171.20000000
2025-06-17 16:42:32.882000+02:00,1.15130000,328.80000000
2025-06-17 16:42:32.882000+02:00,1.15130000,500.00000000
2025-06-17 16:42:32.883000+02:00,1.15130000,500.00000000
2025-06-17 16:42:32.883000+02:00,1.15130000,3608.70000000
2025-06-17 16:42:32.883000+02:00,1.15130000,1891.30000000
2025-06-17 16:42:33.212000+02:00,1.15120000,12.70000000
2025-06-17 16:42:33.212000+02:00,1.15120000,90.30000000
2025-06-17 16:42:33.212000+02:00,1.15120000,135.70000000
2025-06-17 16:42:33.212000+02:00,1.15120000,184.60000000
2025-06-17 16:42:33.212000+02:00,1.15120000,315.40000000
2025-06-17 16:42:33.214000+02:00,1.15120000,76.40000000
2025-06-17 16:42:33.215000+02:00,1.15120000,31.20000000
2025-06-17 16:42:33.215000+02:00,1.15120000,45.20000000
2025-06-17 16:42:33.215000+02:00,1.15120000,76.40000000
2025-06-17 16:42:33.215000+02:00,1.15120000,76.40000000
2025-06-17 16:42:33.215000+02:00,1.15120000,107.60000000
2025-06-17 16:42:33.215000+02:00,1.15120000,76.40000000
2025-06-17 16:42:33.215000+02:00,1.15120000,41.30000000
2025-06-17 16:42:33.215000+02:00,1.15120000,35.10000000
2025-06-17 16:42:33.215000+02:00,1.15120000,76.40000000
2025-06-17 16:42:33.215000+02:00,1.15120000,76.40000000
2025-06-17 16:42:33.215000+02:00,1.15120000,76.40000000
2025-06-17 16:42:33.215000+02:00,1.15120000,76.40000000
2025-06-17 16:42:33.215000+02:00,1.15120000,76.40000000
2025-06-17 16:42:33.215000+02:00,1.15120000,6.20000000
2025-06-17 16:42:33.215000+02:00,1.15120000,70.20000000
2025-06-17 16:42:33.215000+02:00,1.15120000,76.40000000
2025-06-17 16:42:33.215000+02:00,1.15120000,107.60000000
2025-06-17 16:42:33.215000+02:00,1.15120000,76.40000000
2025-06-17 16:42:33.215000+02:00,1.15120000,76.40000000
2025-06-17 16:42:33.215000+02:00,1.15120000,16.30000000
2025-06-17 16:42:33.215000+02:00,1.15120000,60.10000000
2025-06-17 16:42:33.215000+02:00,1.15120000,107.60000000
2025-06-17 16:42:33.215000+02:00,1.15120000,85.90000000
2025-06-17 16:42:33.215000+02:00,1.15120000,85.90000000
2025-06-17 16:42:33.215000+02:00,1.15120000,85.90000000
2025-06-17 16:42:33.215000+02:00,1.15120000,76.40000000
2025-06-17 16:42:33.215000+02:00,1.15120000,85.90000000
2025-06-17 16:42:33.217000+02:00,1.15120000,151.00000000
2025-06-17 16:42:33.217000+02:00,1.15120000,168.60000000
2025-06-17 16:42:33.217000+02:00,1.15120000,319.60000000
2025-06-17 16:42:33.217000+02:00,1.15120000,319.60000000
2025-06-17 16:42:33.217000+02:00,1.15120000,145.50000000
2025-06-17 16:42:33.217000+02:00,1.15120000,145.60000000
2025-06-17 16:42:33.217000+02:00,1.15120000,145.60000000
2025-06-17 16:42:33.217000+02:00,1.15120000,145.60000000
2025-06-17 16:42:33.217000+02:00,1.15120000,145.60000000
2025-06-17 16:42:33.217000+02:00,1.15120000,319.60000000
2025-06-17 16:42:33.217000+02:00,1.15120000,319.60000000
2025-06-17 16:42:33.217000+02:00,1.15120000,319.60000000
2025-06-17 16:42:33.217000+02:00,1.15120000,319.60000000
2025-06-17 16:42:33.218000+02:00,1.15120000,319.60000000
2025-06-17 16:42:33.218000+02:00,1.15120000,319.60000000
2025-06-17 16:42:33.218000+02:00,1.15120000,319.60000000
2025-06-17 16:42:33.218000+02:00,1.15120000,319.60000000
2025-06-17 16:42:33.218000+02:00,1.15120000,319.60000000
2025-06-17 16:42:33.218000+02:00,1.15120000,76.40000000
2025-06-17 16:42:33.218000+02:00,1.15120000,319.60000000
2025-06-17 16:42:33.218000+02:00,1.15120000,319.60000000
2025-06-17 16:42:33.218000+02:00,1.15120000,3915.80000000
2025-06-17 16:42:33.218000+02:00,1.15120000,445.40000000
2025-06-17 16:42:33.219000+02:00,1.15120000,319.60000000
2025-06-17 16:42:33.219000+02:00,1.15120000,319.60000000
2025-06-17 16:42:33.219000+02:00,1.15120000,319.60000000
2025-06-17 16:42:33.219000+02:00,1.15120000,319.60000000
2025-06-17 16:42:33.219000+02:00,1.15120000,76.40000000
2025-06-17 16:42:33.333000+02:00,1.15130000,510.00000000
2025-06-17 16:42:37.113000+02:00,1.15120000,182.30000000
2025-06-17 16:42:37.879000+02:00,1.15130000,215.70000000
2025-06-17 16:42:41.997000+02:00,1.15120000,315.70000000
2025-06-17 16:42:41.997000+02:00,1.15120000,498.00000000
2025-06-17 16:42:41.997000+02:00,1.15120000,186.30000000
2025-06-17 16:42:47.304000+02:00,1.15120000,447.90000000
2025-06-17 16:42:48.325000+02:00,1.15120000,332.20000000
2025-06-17 16:42:51.481000+02:00,1.15120000,138.00000000
2025-06-17 16:42:51.481000+02:00,1.15120000,917.80000000
2025-06-17 16:42:51.481000+02:00,1.15120000,918.10000000
2025-06-17 16:42:51.481000+02:00,1.15120000,6526.10000000
2025-06-17 16:42:51.482000+02:00,1.15120000,1000.00000000
2025-06-17 16:42:51.482000+02:00,1.15120000,2000.00000000
2025-06-17 16:42:51.482000+02:00,1.15120000,954.40000000
2025-06-17 16:42:51.484000+02:00,1.15120000,3000.00000000
2025-06-17 16:42:51.484000+02:00,1.15120000,1000.00000000
2025-06-17 16:42:53.801000+02:00,1.15120000,422.40000000
2025-06-17 16:42:54.909000+02:00,1.15110000,108.20000000
2025-06-17 16:42:58.425000+02:00,1.15110000,100.00000000
2025-06-17 16:43:01.473000+02:00,1.15110000,107.60000000
2025-06-17 16:43:10.060000+02:00,1.15120000,448.90000000
2025-06-17 16:43:10.477000+02:00,1.15120000,290.40000000
2025-06-17 16:43:10.481000+02:00,1.15120000,23.40000000
2025-06-17 16:43:10.555000+02:00,1.15110000,25.80000000
2025-06-17 16:43:14.052000+02:00,1.15120000,323.30000000
2025-06-17 16:43:14.147000+02:00,1.15120000,410.20000000
2025-06-17 16:43:14.174000+02:00,1.15120000,454.50000000
2025-06-17 16:43:14.195000+02:00,1.15120000,1848.20000000
2025-06-17 16:43:14.249000+02:00,1.15120000,2171.20000000
2025-06-17 16:43:14.251000+02:00,1.15120000,411.60000000
2025-06-17 16:43:14.251000+02:00,1.15120000,483.80000000
2025-06-17 16:43:14.251000+02:00,1.15120000,483.80000000
2025-06-17 16:43:14.251000+02:00,1.15120000,483.80000000
2025-06-17 16:43:14.252000+02:00,1.15120000,19.60000000
2025-06-17 16:43:14.252000+02:00,1.15120000,464.20000000
2025-06-17 16:43:14.252000+02:00,1.15120000,483.80000000
2025-06-17 16:43:14.253000+02:00,1.15120000,738.70000000
2025-06-17 16:43:14.253000+02:00,1.15120000,738.70000000
2025-06-17 16:43:14.253000+02:00,1.15120000,738.40000000
2025-06-17 16:43:14.253000+02:00,1.15120000,738.70000000
2025-06-17 16:43:14.253000+02:00,1.15120000,393.20000000
2025-06-17 16:43:15.992000+02:00,1.15130000,217.10000000
2025-06-17 16:43:17.458000+02:00,1.15130000,17.70000000
2025-06-17 16:43:20.791000+02:00,1.15130000,1843.50000000
2025-06-17 16:43:22.776000+02:00,1.15130000,487.20000000
2025-06-17 16:43:22.798000+02:00,1.15130000,474.10000000
2025-06-17 16:43:22.851000+02:00,1.15130000,113.10000000
2025-06-17 16:43:24.290000+02:00,1.15130000,222.90000000
2025-06-17 16:43:27.123000+02:00,1.15120000,96.00000000
2025-06-17 16:43:32.599000+02:00,1.15120000,199.00000000
2025-06-17 16:43:39.404000+02:00,1.15120000,50.50000000
2025-06-17 16:43:39.404000+02:00,1.15120000,145.50000000
2025-06-17 16:43:44.011000+02:00,1.15130000,131.10000000
2025-06-17 16:43:44.011000+02:00,1.15130000,20.10000000
2025-06-17 16:43:44.011000+02:00,1.15130000,111.00000000
2025-06-17 16:43:44.011000+02:00,1.15130000,131.10000000
2025-06-17 16:43:44.011000+02:00,1.15130000,130.80000000
2025-06-17 16:43:44.012000+02:00,1.15130000,131.10000000
2025-06-17 16:43:44.018000+02:00,1.15130000,494.40000000
2025-06-17 16:43:46.380000+02:00,1.15140000,173.20000000
2025-06-17 16:43:51.230000+02:00,1.15140000,17.80000000
2025-06-17 16:43:51.958000+02:00,1.15140000,30.40000000
2025-06-17 16:43:53.077000+02:00,1.15140000,12.90000000
2025-06-17 16:43:53.424000+02:00,1.15130000,246.50000000
2025-06-17 16:43:53.424000+02:00,1.15130000,196.90000000
2025-06-17 16:43:53.734000+02:00,1.15140000,265.40000000
2025-06-17 16:43:53.734000+02:00,1.15140000,214.00000000
2025-06-17 16:43:59.456000+02:00,1.15140000,72.90000000
2025-06-17 16:44:05.421000+02:00,1.15130000,7.50000000
2025-06-17 16:44:05.421000+02:00,1.15130000,186.20000000
2025-06-17 16:44:05.421000+02:00,1.15130000,193.70000000
2025-06-17 16:44:05.421000+02:00,1.15130000,120.10000000
2025-06-17 16:44:05.874000+02:00,1.15130000,767.30000000
2025-06-17 16:44:07.144000+02:00,1.15130000,304.00000000
2025-06-17 16:44:07.756000+02:00,1.15130000,9.30000000
2025-06-17 16:44:09.777000+02:00,1.15120000,333.20000000
2025-06-17 16:44:16.958000+02:00,1.15120000,83.30000000
2025-06-17 16:44:18.257000+02:00,1.15120000,98.00000000
2025-06-17 16:44:22.726000+02:00,1.15120000,9500.00000000
2025-06-17 16:44:22.729000+02:00,1.15120000,453.20000000
2025-06-17 16:44:24.109000+02:00,1.15120000,216.40000000
2025-06-17 16:44:24.109000+02:00,1.15120000,669.60000000
2025-06-17 16:44:24.109000+02:00,1.15120000,77.80000000
2025-06-17 16:44:30.546000+02:00,1.15120000,10.20000000
2025-06-17 16:44:30.553000+02:00,1.15120000,8.70000000
2025-06-17 16:44:32.739000+02:00,1.15120000,300.90000000
2025-06-17 16:44:33.086000+02:00,1.15120000,317.60000000
2025-06-17 16:44:33.086000+02:00,1.15120000,180.70000000
2025-06-17 16:44:33.086000+02:00,1.15120000,136.80000000
2025-06-17 16:44:33.086000+02:00,1.15120000,317.60000000
2025-06-17 16:44:33.086000+02:00,1.15120000,45.40000000
2025-06-17 16:44:38.177000+02:00,1.15130000,314.00000000
2025-06-17 16:44:40.854000+02:00,1.15130000,209.80000000
2025-06-17 16:44:44.530000+02:00,1.15120000,8.60000000
2025-06-17 16:44:54.603000+02:00,1.15120000,500.00000000
2025-06-17 16:44:54.653000+02:00,1.15110000,1005.40000000
2025-06-17 16:44:54.809000+02:00,1.15120000,266.40000000
2025-06-17 16:44:54.812000+02:00,1.15120000,10266.40000000
2025-06-17 16:45:00.458000+02:00,1.15120000,346.80000000
2025-06-17 16:45:00.458000+02:00,1.15120000,147.60000000
2025-06-17 16:45:00.609000+02:00,1.15110000,323.10000000
2025-06-17 16:45:02.088000+02:00,1.15110000,85.80000000
2025-06-17 16:45:02.329000+02:00,1.15120000,35.00000000
2025-06-17 16:45:07.507000+02:00,1.15120000,8.70000000
2025-06-17 16:45:14.228000+02:00,1.15110000,25.70000000
2025-06-17 16:45:15.750000+02:00,1.15120000,1509.40000000
2025-06-17 16:45:16.793000+02:00,1.15120000,665.00000000
2025-06-17 16:45:16.794000+02:00,1.15120000,407.50000000
2025-06-17 16:45:16.794000+02:00,1.15120000,407.50000000
2025-06-17 16:45:16.795000+02:00,1.15120000,407.50000000
2025-06-17 16:45:16.795000+02:00,1.15120000,407.50000000
2025-06-17 16:45:16.795000+02:00,1.15120000,407.50000000
2025-06-17 16:45:16.798000+02:00,1.15120000,217.90000000
2025-06-17 16:45:16.799000+02:00,1.15120000,289.60000000
2025-06-17 16:45:16.800000+02:00,1.15120000,290.00000000
2025-06-17 16:45:16.800000+02:00,1.15120000,290.00000000
2025-06-17 16:45:16.800000+02:00,1.15120000,290.00000000
2025-06-17 16:45:16.800000+02:00,1.15120000,173.30000000
2025-06-17 16:45:16.800000+02:00,1.15120000,116.70000000
2025-06-17 16:45:16.801000+02:00,1.15120000,133.80000000
2025-06-17 16:45:16.801000+02:00,1.15120000,133.80000000
2025-06-17 16:45:16.801000+02:00,1.15120000,133.80000000
2025-06-17 16:45:16.802000+02:00,1.15120000,133.80000000
2025-06-17 16:45:16.802000+02:00,1.15120000,133.80000000
2025-06-17 16:45:16.803000+02:00,1.15120000,228.10000000
2025-06-17 16:45:16.803000+02:00,1.15120000,228.10000000
2025-06-17 16:45:16.803000+02:00,1.15120000,228.10000000
2025-06-17 16:45:16.803000+02:00,1.15120000,228.10000000
2025-06-17 16:45:16.804000+02:00,1.15120000,227.80000000
2025-06-17 16:45:16.805000+02:00,1.15120000,288.40000000
2025-06-17 16:45:16.805000+02:00,1.15120000,55.20000000
2025-06-17 16:45:19.543000+02:00,1.15120000,443.30000000
2025-06-17 16:45:24.094000+02:00,1.15120000,313.60000000
2025-06-17 16:45:25.856000+02:00,1.15130000,31.00000000
2025-06-17 16:45:28.851000+02:00,1.15120000,200.00000000
2025-06-17 16:45:29.962000+02:00,1.15130000,46.10000000
2025-06-17 16:45:40.649000+02:00,1.15130000,7.00000000
2025-06-17 16:45:43.533000+02:00,1.15120000,125.70000000
2025-06-17 16:45:49.513000+02:00,1.15130000,493.40000000
2025-06-17 16:45:49.513000+02:00,1.15130000,294.30000000
2025-06-17 16:45:51.997000+02:00,1.15130000,22.30000000
2025-06-17 16:45:51.997000+02:00,1.15130000,464.10000000
2025-06-17 16:45:52.019000+02:00,1.15130000,217.50000000
2025-06-17 16:45:52.019000+02:00,1.15130000,46.30000000
2025-06-17 16:45:52.027000+02:00,1.15130000,441.80000000
2025-06-17 16:45:52.071000+02:00,1.15130000,407.00000000
2025-06-17 16:45:52.117000+02:00,1.15130000,246.60000000
2025-06-17 16:45:52.117000+02:00,1.15130000,155.80000000
2025-06-17 16:45:52.145000+02:00,1.15130000,782.20000000
2025-06-17 16:45:52.337000+02:00,1.15130000,328.50000000
2025-06-17 16:45:54.779000+02:00,1.15130000,33.80000000
2025-06-17 16:45:56.301000+02:00,1.15130000,86.90000000
2025-06-17 16:45:56.301000+02:00,1.15130000,435.10000000
2025-06-17 16:45:59.130000+02:00,1.15120000,549.00000000
2025-06-17 16:46:06.091000+02:00,1.15120000,967.70000000
2025-06-17 16:46:06.192000+02:00,1.15130000,218.90000000
2025-06-17 16:46:06.193000+02:00,1.15130000,151.70000000
2025-06-17 16:46:06.193000+02:00,1.15130000,151.70000000
2025-06-17 16:46:06.194000+02:00,1.15130000,151.70000000
2025-06-17 16:46:06.194000+02:00,1.15130000,151.70000000
2025-06-17 16:46:06.194000+02:00,1.15130000,151.50000000
2025-06-17 16:46:06.222000+02:00,1.15130000,222.30000000
2025-06-17 16:46:06.260000+02:00,1.15130000,308.80000000
2025-06-17 16:46:06.260000+02:00,1.15130000,248.00000000
2025-06-17 16:46:06.463000+02:00,1.15130000,318.80000000
2025-06-17 16:46:06.464000+02:00,1.15130000,331.80000000
2025-06-17 16:46:07.948000+02:00,1.15140000,6.90000000
2025-06-17 16:46:17.458000+02:00,1.15130000,9.20000000
2025-06-17 16:46:26.625000+02:00,1.15130000,25.00000000
2025-06-17 16:46:26.790000+02:00,1.15130000,77.90000000
2025-06-17 16:46:27.439000+02:00,1.15140000,37.00000000
2025-06-17 16:46:31.392000+02:00,1.15150000,260.50000000
2025-06-17 16:46:44.609000+02:00,1.15150000,17.40000000
2025-06-17 16:46:58.093000+02:00,1.15150000,51.00000000
2025-06-17 16:46:59.844000+02:00,1.15150000,1487.70000000
2025-06-17 16:46:59.856000+02:00,1.15150000,1382.70000000
2025-06-17 16:47:01.556000+02:00,1.15150000,111.00000000
2025-06-17 16:47:02.644000+02:00,1.15160000,374.20000000
2025-06-17 16:47:03.349000+02:00,1.15150000,1205.40000000
2025-06-17 16:47:04.725000+02:00,1.15150000,53.90000000
2025-06-17 16:47:08.808000+02:00,1.15150000,53.80000000
2025-06-17 16:47:20.656000+02:00,1.15160000,434.10000000
2025-06-17 16:47:21.101000+02:00,1.15150000,784.00000000
2025-06-17 16:47:21.386000+02:00,1.15160000,691.00000000
2025-06-17 16:47:21.633000+02:00,1.15160000,468.80000000
2025-06-17 16:47:21.633000+02:00,1.15160000,374.30000000
2025-06-17 16:47:21.633000+02:00,1.15160000,8.90000000
2025-06-17 16:47:28.274000+02:00,1.15150000,99.00000000
2025-06-17 16:47:36.192000+02:00,1.15160000,6.80000000
2025-06-17 16:47:37.903000+02:00,1.15160000,507.50000000
2025-06-17 16:47:40.148000+02:00,1.15160000,767.10000000
2025-06-17 16:47:40.203000+02:00,1.15160000,468.60000000
2025-06-17 16:47:42.999000+02:00,1.15160000,22.30000000
2025-06-17 16:47:51.830000+02:00,1.15160000,54.90000000
2025-06-17 16:47:58.728000+02:00,1.15160000,69.50000000
2025-06-17 16:48:04.456000+02:00,1.15150000,175.00000000
2025-06-17 16:48:06.159000+02:00,1.15160000,60.70000000
2025-06-17 16:48:08.005000+02:00,1.15160000,700.00000000
2025-06-17 16:48:08.007000+02:00,1.15160000,149.10000000
2025-06-17 16:48:08.007000+02:00,1.15160000,149.10000000
2025-06-17 16:48:08.007000+02:00,1.15160000,149.10000000
2025-06-17 16:48:08.007000+02:00,1.15160000,2.90000000
2025-06-17 16:48:11.347000+02:00,1.15170000,10.30000000
2025-06-17 16:48:21.380000+02:00,1.15170000,443.80000000
2025-06-17 16:48:21.381000+02:00,1.15180000,13.40000000
2025-06-17 16:48:21.381000+02:00,1.15180000,430.30000000
2025-06-17 16:48:24.071000+02:00,1.15170000,504.30000000
2025-06-17 16:48:27.748000+02:00,1.15170000,443.30000000
2025-06-17 16:48:27.754000+02:00,1.15180000,443.20000000
2025-06-17 16:48:27.757000+02:00,1.15170000,443.40000000
2025-06-17 16:48:29.581000+02:00,1.15170000,500.00000000
2025-06-17 16:48:29.758000+02:00,1.15180000,831.00000000
2025-06-17 16:48:30.809000+02:00,1.15180000,1556.40000000
2025-06-17 16:48:30.809000+02:00,1.15180000,3275.30000000
2025-06-17 16:48:30.809000+02:00,1.15180000,1917.70000000
2025-06-17 16:48:31.247000+02:00,1.15180000,10.40000000
2025-06-17 16:48:36.931000+02:00,1.15170000,198.00000000
2025-06-17 16:48:42.405000+02:00,1.15180000,100.70000000
2025-06-17 16:48:43.825000+02:00,1.15180000,59.00000000
2025-06-17 16:48:43.827000+02:00,1.15180000,59.00000000
2025-06-17 16:48:43.829000+02:00,1.15180000,59.00000000
2025-06-17 16:48:43.829000+02:00,1.15180000,41.60000000
2025-06-17 16:48:43.829000+02:00,1.15180000,41.60000000
2025-06-17 16:48:43.829000+02:00,1.15180000,41.60000000
2025-06-17 16:48:43.829000+02:00,1.15180000,41.60000000
2025-06-17 16:48:43.829000+02:00,1.15180000,41.60000000
2025-06-17 16:48:43.829000+02:00,1.15180000,41.60000000
2025-06-17 16:48:43.830000+02:00,1.15180000,41.60000000
2025-06-17 16:48:43.830000+02:00,1.15180000,59.00000000
2025-06-17 16:48:43.830000+02:00,1.15180000,41.60000000
2025-06-17 16:48:43.830000+02:00,1.15180000,41.60000000
2025-06-17 16:48:43.830000+02:00,1.15180000,41.60000000
2025-06-17 16:48:43.830000+02:00,1.15180000,41.60000000
2025-06-17 16:48:43.830000+02:00,1.15180000,41.60000000
2025-06-17 16:48:43.830000+02:00,1.15180000,41.60000000
2025-06-17 16:48:43.830000+02:00,1.15180000,41.60000000
2025-06-17 16:48:43.830000+02:00,1.15180000,41.60000000
2025-06-17 16:48:43.830000+02:00,1.15180000,41.60000000
2025-06-17 16:48:43.830000+02:00,1.15180000,41.60000000
2025-06-17 16:48:43.830000+02:00,1.15180000,41.60000000
2025-06-17 16:48:43.830000+02:00,1.15180000,41.60000000
2025-06-17 16:48:43.830000+02:00,1.15180000,41.60000000
2025-06-17 16:48:43.830000+02:00,1.15180000,41.60000000
2025-06-17 16:48:43.830000+02:00,1.15180000,41.60000000
2025-06-17 16:48:43.830000+02:00,1.15180000,41.60000000
2025-06-17 16:48:43.830000+02:00,1.15180000,41.60000000
2025-06-17 16:48:43.830000+02:00,1.15180000,41.60000000
2025-06-17 16:48:43.830000+02:00,1.15180000,41.60000000
2025-06-17 16:48:43.830000+02:00,1.15180000,41.60000000
2025-06-17 16:48:43.830000+02:00,1.15180000,41.60000000
2025-06-17 16:48:43.831000+02:00,1.15180000,41.60000000
2025-06-17 16:48:43.831000+02:00,1.15180000,41.60000000
2025-06-17 16:48:43.831000+02:00,1.15180000,41.60000000
2025-06-17 16:48:43.832000+02:00,1.15180000,41.60000000
2025-06-17 16:48:43.832000+02:00,1.15180000,925.60000000
2025-06-17 16:48:43.832000+02:00,1.15180000,41.60000000
2025-06-17 16:48:43.832000+02:00,1.15180000,41.60000000
2025-06-17 16:48:43.832000+02:00,1.15180000,41.60000000
2025-06-17 16:48:43.832000+02:00,1.15180000,41.60000000
2025-06-17 16:48:43.832000+02:00,1.15180000,41.60000000
2025-06-17 16:48:43.832000+02:00,1.15180000,59.00000000
2025-06-17 16:48:43.832000+02:00,1.15180000,41.60000000
2025-06-17 16:48:43.832000+02:00,1.15180000,41.60000000
2025-06-17 16:48:43.832000+02:00,1.15180000,41.60000000
2025-06-17 16:48:43.832000+02:00,1.15180000,41.60000000
2025-06-17 16:48:43.832000+02:00,1.15180000,41.60000000
2025-06-17 16:48:43.832000+02:00,1.15180000,41.60000000
2025-06-17 16:48:43.832000+02:00,1.15180000,59.00000000
2025-06-17 16:48:43.833000+02:00,1.15180000,41.60000000
2025-06-17 16:48:43.833000+02:00,1.15180000,41.60000000
2025-06-17 16:48:43.833000+02:00,1.15180000,41.60000000
2025-06-17 16:48:43.833000+02:00,1.15180000,41.60000000
2025-06-17 16:48:43.833000+02:00,1.15180000,41.60000000
2025-06-17 16:48:43.833000+02:00,1.15180000,41.60000000
2025-06-17 16:48:43.833000+02:00,1.15180000,41.60000000
2025-06-17 16:48:43.833000+02:00,1.15180000,41.60000000
2025-06-17 16:48:43.833000+02:00,1.15180000,41.60000000
2025-06-17 16:48:43.834000+02:00,1.15180000,41.60000000
2025-06-17 16:48:43.834000+02:00,1.15180000,41.60000000
2025-06-17 16:48:43.834000+02:00,1.15180000,41.60000000
2025-06-17 16:48:43.834000+02:00,1.15180000,41.60000000
2025-06-17 16:48:43.834000+02:00,1.15180000,41.60000000
2025-06-17 16:48:43.834000+02:00,1.15180000,41.60000000
2025-06-17 16:48:43.834000+02:00,1.15180000,41.60000000
2025-06-17 16:48:43.834000+02:00,1.15180000,41.60000000
2025-06-17 16:48:43.834000+02:00,1.15180000,41.60000000
2025-06-17 16:48:43.834000+02:00,1.15180000,41.60000000
2025-06-17 16:48:43.835000+02:00,1.15180000,41.60000000
2025-06-17 16:48:43.835000+02:00,1.15180000,59.00000000
2025-06-17 16:48:43.835000+02:00,1.15180000,41.60000000
2025-06-17 16:48:43.835000+02:00,1.15180000,41.60000000
2025-06-17 16:48:43.836000+02:00,1.15180000,59.00000000
2025-06-17 16:48:43.836000+02:00,1.15180000,41.60000000
2025-06-17 16:48:43.836000+02:00,1.15180000,41.60000000
2025-06-17 16:48:43.836000+02:00,1.15180000,41.60000000
2025-06-17 16:48:43.836000+02:00,1.15180000,41.60000000
2025-06-17 16:48:43.837000+02:00,1.15180000,41.60000000
2025-06-17 16:48:43.838000+02:00,1.15180000,41.60000000
2025-06-17 16:48:43.838000+02:00,1.15180000,59.00000000
2025-06-17 16:48:43.838000+02:00,1.15180000,41.60000000
2025-06-17 16:48:43.838000+02:00,1.15180000,59.00000000
2025-06-17 16:48:43.838000+02:00,1.15180000,41.60000000
2025-06-17 16:48:43.839000+02:00,1.15180000,41.60000000
2025-06-17 16:48:43.839000+02:00,1.15180000,41.60000000
2025-06-17 16:48:43.839000+02:00,1.15180000,41.60000000
2025-06-17 16:48:43.840000+02:00,1.15180000,41.60000000
2025-06-17 16:48:43.840000+02:00,1.15180000,41.60000000
2025-06-17 16:48:43.841000+02:00,1.15180000,59.00000000
2025-06-17 16:48:43.841000+02:00,1.15180000,41.60000000
2025-06-17 16:48:43.841000+02:00,1.15180000,59.00000000
2025-06-17 16:48:43.842000+02:00,1.15180000,41.60000000
2025-06-17 16:48:43.842000+02:00,1.15180000,41.60000000
2025-06-17 16:48:43.842000+02:00,1.15180000,41.60000000
2025-06-17 16:48:43.843000+02:00,1.15180000,41.60000000
2025-06-17 16:48:43.843000+02:00,1.15180000,59.00000000
2025-06-17 16:48:43.844000+02:00,1.15180000,59.00000000
2025-06-17 16:48:43.845000+02:00,1.15180000,41.60000000
2025-06-17 16:48:43.845000+02:00,1.15180000,41.60000000
2025-06-17 16:48:43.845000+02:00,1.15180000,59.00000000
2025-06-17 16:48:43.846000+02:00,1.15180000,41.60000000
2025-06-17 16:48:43.846000+02:00,1.15180000,41.60000000
2025-06-17 16:48:43.847000+02:00,1.15180000,41.60000000
2025-06-17 16:48:43.847000+02:00,1.15180000,41.60000000
2025-06-17 16:48:43.847000+02:00,1.15180000,59.00000000
2025-06-17 16:48:43.848000+02:00,1.15180000,41.60000000
2025-06-17 16:48:43.848000+02:00,1.15180000,59.00000000
2025-06-17 16:48:43.849000+02:00,1.15180000,24.30000000
2025-06-17 16:48:43.849000+02:00,1.15180000,41.60000000
2025-06-17 16:48:43.849000+02:00,1.15180000,41.60000000
2025-06-17 16:48:43.849000+02:00,1.15180000,41.60000000
2025-06-17 16:48:43.850000+02:00,1.15180000,41.60000000
2025-06-17 16:48:43.851000+02:00,1.15180000,59.00000000
2025-06-17 16:48:43.851000+02:00,1.15180000,59.00000000
2025-06-17 16:48:43.851000+02:00,1.15180000,41.60000000
2025-06-17 16:48:43.852000+02:00,1.15180000,41.60000000
2025-06-17 16:48:43.853000+02:00,1.15180000,59.00000000
2025-06-17 16:48:43.854000+02:00,1.15180000,1877.50000000
2025-06-17 16:48:43.855000+02:00,1.15180000,41.60000000
2025-06-17 16:48:48.679000+02:00,1.15180000,434.30000000
2025-06-17 16:48:49.933000+02:00,1.15170000,80.40000000
2025-06-17 16:49:03.225000+02:00,1.15170000,58.80000000
2025-06-17 16:49:03.997000+02:00,1.15180000,774.10000000
2025-06-17 16:49:06.647000+02:00,1.15170000,14.70000000
2025-06-17 16:49:11.074000+02:00,1.15170000,41.60000000
2025-06-17 16:49:12.847000+02:00,1.15180000,394.40000000
2025-06-17 16:49:15.960000+02:00,1.15170000,443.40000000
2025-06-17 16:49:15.983000+02:00,1.15180000,69.50000000
2025-06-17 16:49:15.991000+02:00,1.15180000,373.70000000
2025-06-17 16:49:24.428000+02:00,1.15180000,500.00000000
2025-06-17 16:49:25.358000+02:00,1.15190000,21.60000000
2025-06-17 16:49:29.004000+02:00,1.15190000,1219.60000000
